<?xml version="1.0" encoding="UTF-8"?>
<!DOCTYPE mapper PUBLIC "-//mybatis.org//DTD Mapper 3.0//EN" "http://mybatis.org/dtd/mybatis-3-mapper.dtd">
 
<mapper namespace="com.ssafy.model.repository.BoardRepo">
 
    <select id="boardCount" resultType="int">
        SELECT
            COUNT(*)
        FROM BOARD
    </select>
    
     <select id="boardList" resultType="board">
        SELECT
            *
        FROM BOARD
    </select>
    
    <select id="boardDetail" parameterType="int" resultType="board">
        SELECT
            *
        FROM BOARD
        WHERE
            BNO = #{bno}
    </select>
    
    <insert id="boardInsert" parameterType="board">
        INSERT INTO
        BOARD 
        VALUES(0,#{subject},#{content},#{writer}, 0,now()) 
    </insert>
    
    <update id="boardUpdate" parameterType="board">
        UPDATE BOARD
        SET 
        SUBJECT = #{subject},
        CONTENT = #{content},
        REG_DATE = now()
        WHERE BNO = #{bno}
    </update>
    
    <update id="boardHit" parameterType="board">
    	UPDATE BOARD
    	SET hit = #{hit}+1
    	WHERE BNO = #{bno}
    </update>
    
    <delete id="boardDelete" parameterType="int">
        DELETE FROM BOARD WHERE BNO = #{bno}
    </delete>
</mapper>
