<?xml version="1.0" encoding="UTF-8"?>
<!DOCTYPE mapper PUBLIC "-//mybatis.org//DTD Mapper 3.0//EN" "http://mybatis.org/dtd/mybatis-3-mapper.dtd">
<mapper namespace="com.ssafy.model.repository.FoodInfoRepo">
	<select id="selectAll" resultType="foodInfo">
		SELECT * FROM food_info
	</select>
	<select id="selectOne" resultType="foodInfo" parameterType="int">
		SELECT * FROM food_info WHERE food_info_id=#{food_info_id}
	</select>
	<select id="selectBest" resultType="bestFood">
		SELECT count(*), food_f_code FROM food_info group by food_f_code
	</select>
	<insert id="insert" parameterType="foodInfo">
		INSERT INTO food_info VALUES(0,#{ingestion_igt_id}, #{food_f_code})
	</insert>
	<update id="update" parameterType="foodInfo">
		UPDATE food_info SET ingestion_igt_id=#{ingestion_igt_id}, food_f_code=#{food_f_code}
		WEHRE food_info_id=#{food_info_id}
	</update>
	<delete id="delete" parameterType="int">
		DELETE FROM food_info WHERE food_info_id=#{food_info_id}
	</delete>
</mapper>