<?xml version="1.0" encoding="UTF-8"?>
<!DOCTYPE mapper PUBLIC "-//mybatis.org//DTD Mapper 3.0//EN" "http://mybatis.org/dtd/mybatis-3-mapper.dtd">
<mapper namespace="com.ssafy.model.repository.FoodAllergyRepo">
	<select id="selectAll" resultType="foodAllergy">
		SELECT * FROM food_allergy;
	</select>
	<select id="selectOne" resultType="foodAllergy" parameterType="String">
		SELECT * FROM food_allergy WHERE f_alg_id=#{f_alg_id}
	</select>
	<insert id="insert" parameterType="foodAllergy">
		INSERT INTO food_allergy (allergy_alg_id,food_f_code) VALUES(#{allergy_alg_id}, #{food_f_code})
	</insert>
	<update id="update" parameterType="foodAllergy">
		UPDATE food_allergy SET allergy_alg_id=#{allergy_alg_id}, food_f_code=#{food_f_code}
		WHERE f_alg_id=#{f_alg_id}
	</update>
	<delete id="delete" parameterType="String">
		DELETE FROM food_allergy WHERE f_alg_id=#{f_alg_id}
	</delete>
</mapper>