<?xml version="1.0" encoding="UTF-8"?>
<!DOCTYPE mapper PUBLIC "-//mybatis.org//DTD Mapper 3.0//EN" "http://mybatis.org/dtd/mybatis-3-mapper.dtd">
<mapper namespace="com.ssafy.model.repository.IngestionRepo">
	<select id="selectAll" resultType="ingestion">
		SELECT * FROM ingestion
	</select>
	<select id="selectOne" resultType="ingestion"
		parameterType="String">
		SELECT * FROM ingestion WHERE igt_id=#{igt_id}
	</select>
	<insert id="insert" parameterType="ingestion"
		useGeneratedKeys="true" keyProperty="igt_id">
		INSERT INTO ingestion VALUES(0,
		#{member_m_id}, #{igt_date})
	</insert>
	<update id="update" parameterType="ingestion">
		UPDATE ingestion SET
		member_m_id=#{member_m_id} WHERE igt_id=#{igt_id}
	</update>
	<delete id="delete" parameterType="int">
		DELETE FROM ingestion WHERE
		igt_id=#{igt_id}
	</delete>
	<select id="eatenList" resultType="eatenFood"
		parameterType="String">
		select fi.food_info_id, i.igt_id, f.f_img, f.f_name,
		f.f_material, i.igt_date
		from ingestion i, food_info fi, food f
		where
		fi.ingestion_igt_id = i.igt_id AND fi.food_f_code=f.f_code AND
		i.member_m_id=#{member_m_id};
	</select>
	<select id="findByDate" resultType="int" parameterType="String">
		select food_f_code from
		food_info
		where food_info_id IN (select fi.food_info_id
		from ((SELECT i.igt_id, i.member_m_id, i.igt_date FROM ingestion i, member
		m WHERE i.member_m_id=m.m_id AND member_m_id=#{member_m_id} AND
		igt_date=YEAR(CURDATE()) AND MONTH(igt_date)=MONTH(NOW()))) i,
		food_info fi
		where i.igt_id = fi.ingestion_igt_id);
	</select>
</mapper>