<?xml version="1.0" encoding="UTF-8"?>
<!DOCTYPE mapper PUBLIC "-//mybatis.org//DTD Mapper 3.0//EN" "http://mybatis.org/dtd/mybatis-3-mapper.dtd">
<mapper namespace="com.ssafy.model.repository.MemberAllergyRepo">
	<select id="selectAll" resultType="memberAllergy">
		SELECT * FROM member_allergy
	</select>
	<select id="selectOne" resultType="memberAllergy" parameterType="String">
		SELECT * FROM member_allergy WHERE m_alg_id=#{m_alg_id}
	</select>
	<select id="selectById" resultType="String" parameterType="String">
		select alg_name
		from allergy
		where alg_id in (select allergy_alg_id
		from member_allergy
		where member_member_id=#{member_member_id})
	</select>
	<insert id="insert" parameterType="memberAllergy">
		INSERT INTO member_allergy VALUES(0, #{allergy_alg_id}, #{member_member_id})
	</insert>
	<update id="update" parameterType="memberAllergy">
		UPDATE member_allergy SET allergy_alg_id=#{allergy_alg_id}, member_member_id=#{member_member_id}
		WHERE m_alg_id=#{m_alg_id}
	</update>
	<delete id="delete" parameterType="String">
		DELETE FROM member_allergy WHERE member_member_id=#{member_member_id}
	</delete>
</mapper>