<?xml version="1.0" encoding="UTF-8"?>
<!DOCTYPE mapper PUBLIC "-//mybatis.org//DTD Mapper 3.0//EN" "http://mybatis.org/dtd/mybatis-3-mapper.dtd">
<mapper namespace="com.ssafy.model.repository.MemberRepo">
	<select id="selectAll" resultType="member">
		SELECT * FROM member
	</select>
	<select id="selectOne" resultType="member" parameterType="String">
		SELECT * FROM member WHERE m_id=#{m_id}
	</select>
	<insert id="insert" parameterType="member">
		INSERT INTO member
		VALUES(#{m_id}, #{m_phone}, #{m_name}, #{m_pass}, #{m_area}, #{m_gender}, #{m_weight}, #{m_height}, #{m_age})
	</insert>
	<update id="update" parameterType="member">
		UPDATE member 
		SET m_phone=#{m_phone}, m_name=#{m_name}, m_pass=#{m_pass}, m_area=#{m_area}, m_gender=#{m_gender}, m_weight=#{m_weight}, m_height=#{m_height}, m_age=#{m_age}
		WHERE m_id=#{m_id}
	</update>
	<delete id="delete" parameterType="String">
		DELETE FROM member WHERE m_id=#{m_id}
	</delete>
</mapper>