<?xml version="1.0" encoding="UTF-8" ?>
<!DOCTYPE configuration
  PUBLIC "-//mybatis.org//DTD Config 3.0//EN"
  "http://mybatis.org/dtd/mybatis-3-config.dtd">
<configuration>

	<typeAliases>
		<typeAlias type="com.ssafy.model.dto.Member" alias="member"/>
		<typeAlias type="com.ssafy.model.dto.Food" alias="food"/>
		<typeAlias type="com.ssafy.model.dto.FoodAllergy" alias="foodAllergy"/>
		<typeAlias type="com.ssafy.model.dto.FoodInfo" alias="foodInfo"/>
		<typeAlias type="com.ssafy.model.dto.Ingestion" alias="ingestion"/>
		<typeAlias type="com.ssafy.model.dto.MemberAllergy" alias="memberAllergy"/>
		<typeAlias type="com.ssafy.model.dto.EatenFood" alias="eatenFood"/>
		<typeAlias type="com.ssafy.model.dto.BestFood" alias="bestFood"/>
		<typeAlias type="com.ssafy.model.dto.Standard" alias="standard"/>
		<typeAlias type="com.ssafy.model.dto.Natrium" alias="natrium"/>
		<typeAlias type="com.ssafy.model.dto.BoardDto" alias="board"/>
	</typeAliases>

	<mappers>
		<mapper resource="mybatis/MemberMapper.xml"/>
		<mapper resource="mybatis/FoodMapper.xml"/>
		<mapper resource="mybatis/FoodAllergyMapper.xml"/>
		<mapper resource="mybatis/FoodInfoMapper.xml"/> 
		<mapper resource="mybatis/IngestionMapper.xml"/>
		<mapper resource="mybatis/MemberAllergyMapper.xml"/>
		<mapper resource="mybatis/StandardMapper.xml"/>
		<mapper resource="mybatis/NatriumMapper.xml"/>
		<mapper resource="mybatis/BoardMapper.xml"/>
	</mappers>
</configuration>
