<?xml version="1.0" encoding="UTF-8"?>
<!DOCTYPE mapper PUBLIC "-//mybatis.org//DTD Mapper 3.0//EN" "http://mybatis.org/dtd/mybatis-3-mapper.dtd">
 
<mapper namespace="com.ssafy.edu.dao.BoardMapper">
 
    <select id="boardCount" resultType="int">
        SELECT
            COUNT(*)
        FROM BOARD
    </select>
    
     <select id="boardList" resultType="board">
        SELECT
            *
        FROM BOARD
    </select>
    
    <select id="boardDetail" parameterType="int" resultType="board">
        SELECT
            *
        FROM BOARD
        WHERE
            BNO = #{bno}
    </select>
    
    <insert id="boardInsert" parameterType="board">
        INSERT INTO
        BOARD (BNO, SUBJECT,CONTENT,WRITER,REG_DATE)
        VALUES(#{bno},#{subject},#{content},#{writer},date(now())) 
    </insert>
    
    <update id="boardUpdate" parameterType="board">
        UPDATE BOARD
            SET
        <if test="subject != null">
            SUBJECT = #{subject}
        </if>
        <if test="subject != null and content != null"> , </if>
        <if test="content != null">
            CONTENT = #{content}
        </if>
        WHERE BNO = #{bno}
    </update>
    
    <delete id="boardDelete" parameterType="int">
        DELETE FROM BOARD WHERE BNO = #{bno}
    </delete>
</mapper>
